"Txhash","Blockno","UnixTimestamp","DateTime","From","To","ContractAddress","Value_IN(BNB)","Value_OUT(BNB)","CurrentValue @ $592.76/BNB","TxnFee(BNB)","TxnFee(USD)","Historical $Price/BNB","Status","ErrCode"
"0x084cfe79a4fd6d1868752b61aa4ec6de9d4687b008912299b62a6bd05d12a25d","6985784","1619695429","2021-04-29 11:23:49","0xf01dd015bc442d872275a79b9cae84a6ff9b2a27","0x41d10b48d99f49f1573769e1308f1a76ee5472b0","","0.01","0","5.9276","0.000105","0.0622398","600.65","","",""
"0x1242933417f7566793f48d4e1068d4c73d792528fe5ec74155f272412badbbb9","6986231","1619696774","2021-04-29 11:46:14","0x99f60d88492bbe5bf0d0f6ea9dc07f6b7cd5aff3","0x41d10b48d99f49f1573769e1308f1a76ee5472b0","","0.07","0","41.4932","0.000105","0.0622398","600.65","","",""
"0xc626e150de1700e217ccbd5aa5831e9ca9560394124daac52a6242d9baf80c1f","6986664","1619698073","2021-04-29 12:07:53","0x8cfd55768d2d7b5261e9ad95a20cc0fb0799a9ea","0x41d10b48d99f49f1573769e1308f1a76ee5472b0","","0.16","0","94.8416","0.000105","0.0622398","600.65","","",""
"0x5567fb59cfc84cf881f0e5b21390f336ad40ef8974748f3fce4c974c049fee30","6988032","1619702188","2021-04-29 13:16:28","0xcffbb8537e1c6a23f2c51b5ce72664d5413d2c25","0x41d10b48d99f49f1573769e1308f1a76ee5472b0","","0.01","0","5.9276","0.000105","0.0622398","600.65","","",""
"0xc1d6a45b0158a773ebaceb4ff0b36e3c34c557c280fe0201c5a66c5bf19c2c25","6988155","1619702585","2021-04-29 13:23:05","0x486f017a0ffe9cb57dd9f0a262d80699e8347bee","0x41d10b48d99f49f1573769e1308f1a76ee5472b0","","0.015","0","8.8914","0.000105","0.0622398","600.65","","",""
"0x5af7f5bf50fa519419cdbb562cb364d0c5ce53c7f77a344c557b63496bdc8049","6988248","1619702880","2021-04-29 13:28:00","0x031e157b4822cefc2cbf432739fbd29ddaf755ed","0x41d10b48d99f49f1573769e1308f1a76ee5472b0","","1.5","0","889.14","0.000105","0.0622398","600.65","","",""
"0x9adc526858b5a64a7ec75e398c5a89c122622b02e7cf7898849e84d609d29375","6988255","1619702901","2021-04-29 13:28:21","0x977f26bfb6ff2935261364bee6adad2746358197","0x41d10b48d99f49f1573769e1308f1a76ee5472b0","","0.02","0","11.8552","0.000105","0.0622398","600.65","","",""
"0xc5c19c8a3910afb05e2d456ddc90db03038cec27a899ce53da2fd2f6f0af5c29","6988348","1619703180","2021-04-29 13:33:00","0xef34f1872209ddd66142738568dbf4f3e4c5d990","0x41d10b48d99f49f1573769e1308f1a76ee5472b0","","0.01","0","5.9276","0.000105","0.0622398","600.65","","",""
"0x8d1adc743e0e2d7f969d7fff893bbe414632c2ecd8f01a8412ab6b6a91c11896","6988415","1619703381","2021-04-29 13:36:21","0x4b840ea09b810a8b1da8cf546fdefcf88be35a30","0x41d10b48d99f49f1573769e1308f1a76ee5472b0","","0.0295494","0","17.515702344","0.000105","0.0622398","600.65","","",""
"0x2443d362705e1e5540d8eaf772ba478af4b678ced11749b3231c5dbdc04d136d","6988575","1619703861","2021-04-29 13:44:21","0xa972b3b940f6dddd0acd847de98ba255381a77f2","0x41d10b48d99f49f1573769e1308f1a76ee5472b0","","0.025","0","14.819","0.000105","0.0622398","600.65","","",""
"0x322895c0a2d6ab996d72b3fbb827854b161b8a864c786787af00793ba4986f30","6988636","1619704044","2021-04-29 13:47:24","0xd8ddd5b6d874a5aa3cafa011da7839002e8bfe04","0x41d10b48d99f49f1573769e1308f1a76ee5472b0","","0.1","0","59.276","0.000105","0.0622398","600.65","","",""
"0x7968048e9648c81beb0e3ca6ac5b1cd43fe837c6d53b2e362a59eead4f3e534e","6988668","1619704140","2021-04-29 13:49:00","0x68c0267c09437d10a6f67383b1a8456c371f6f09","0x41d10b48d99f49f1573769e1308f1a76ee5472b0","","0.05","0","29.638","0.000105","0.0622398","600.65","","",""
"0x34604afa53e1fed3fc70ac296bb569bbd5a41d6695b92233ed29b697caaf264b","6988690","1619704206","2021-04-29 13:50:06","0xe9eb6d4be2020be7c90f4557aa4c04f542366b01","0x41d10b48d99f49f1573769e1308f1a76ee5472b0","","0.03","0","17.7828","0.000105","0.0622398","600.65","","",""
"0x55f532f7da84cd95217bff02ab596ce579ae8a606a763dda5c2dc6a4fe38e94a","6988717","1619704287","2021-04-29 13:51:27","0x80b16aa528399b1e9a41e25049f46b0abb322df0","0x41d10b48d99f49f1573769e1308f1a76ee5472b0","","0.1","0","59.276","0.000105","0.0622398","600.65","","",""
"0x9f8432b3c92179d70bb9909fcd8b9749f7199742547a41ab19b54fec6f7b917f","6988747","1619704377","2021-04-29 13:52:57","0x7fc494000a8e836cf9a77139d0055559132fec7a","0x41d10b48d99f49f1573769e1308f1a76ee5472b0","","0.05","0","29.638","0.000105","0.0622398","600.65","","",""
"0x53608adcc721e6829ae644025c4073a84cb05f321b64a47309edc47c9724011e","6988789","1619704503","2021-04-29 13:55:03","0xb03b8dc1982b7e1245b87eb42c5a6ae8f9b38c07","0x41d10b48d99f49f1573769e1308f1a76ee5472b0","","0.02","0","11.8552","0.000105","0.0622398","600.65","","",""
"0x6cb42d2d6712f4a41b79756d0fd803b6a8f5aaf6bafb1d22290852b58d9d405b","6988839","1619704653","2021-04-29 13:57:33","0x63559d188b1b19c7d3d58c8ff05762c65983d09a","0x41d10b48d99f49f1573769e1308f1a76ee5472b0","","0.22","0","130.4072","0.000105","0.0622398","600.65","","",""
"0x55619482519c9460b2f19aa396231456fd739c4ce6cb192860afb20069729a24","6988850","1619704686","2021-04-29 13:58:06","0x391ca2e60455d68a43992bcc9e9259420ee9ac11","0x41d10b48d99f49f1573769e1308f1a76ee5472b0","","0.03","0","17.7828","0.000105","0.0622398","600.65","","",""
"0x5ac187f5ba3ff1f8ea005f82aab43019bb24825bfabdff82bb593ad113d7517d","6988858","1619704710","2021-04-29 13:58:30","0x9b4e512e10d2b0057a225a44de478c048f68ec7c","0x41d10b48d99f49f1573769e1308f1a76ee5472b0","","0.01","0","5.9276","0.000105","0.0622398","600.65","","",""
"0xf64b7c6e74f7e06f0dd572491251c84aabb67f91bc1f142d67695d01b265f012","6988866","1619704734","2021-04-29 13:58:54","0x7fc494000a8e836cf9a77139d0055559132fec7a","0x41d10b48d99f49f1573769e1308f1a76ee5472b0","","0.05","0","29.638","0.000105","0.0622398","600.65","","",""
"0x1e9c023027f6d53c9a6608b40258fe44a1fea2cee0be69a397f9e739e91fa5ce","6988874","1619704758","2021-04-29 13:59:18","0xbfc0d877c6d49b36621bf0403fe3e889af2f1cd6","0x41d10b48d99f49f1573769e1308f1a76ee5472b0","","0.15","0","88.914","0.000105","0.0622398","600.65","","",""
"0x6562c55d76cfe37921639d249b38141fff31e11286c202ed855d7ed69c707618","6988887","1619704797","2021-04-29 13:59:57","0x7edbfc757e581b0711091b95c155f21465aed54a","0x41d10b48d99f49f1573769e1308f1a76ee5472b0","","0.01","0","5.9276","0.000105","0.0622398","600.65","","",""
"0x38b3aba41b857ec7f33cd27d1eeffef62611440b52312b581a35520d76370744","6988908","1619704860","2021-04-29 14:01:00","0x16dc457d0cd7e3c06529a39f9f97b24dd2994568","0x41d10b48d99f49f1573769e1308f1a76ee5472b0","","0.05","0","29.638","0.000105","0.0622398","600.65","","",""
"0xae7f7b142e2123d05e49a1441e9063b60aac4238843383906abc22dd133dfb29","6988971","1619705049","2021-04-29 14:04:09","0x414cbc6495030075036e9d14f8647d69d3c905ac","0x41d10b48d99f49f1573769e1308f1a76ee5472b0","","0.01","0","5.9276","0.000105","0.0622398","600.65","","",""
"0x240852d1ba05647874896f07d538a7e1c3ba0ae20108172bf8330ca216dcbb4d","6988978","1619705070","2021-04-29 14:04:30","0xe522a011188f2ee46fd96486d7f83e44f0df7ba6","0x41d10b48d99f49f1573769e1308f1a76ee5472b0","","0.02","0","11.8552","0.000105","0.0622398","600.65","","",""
"0x9175536c0b9849ec5ce3b25e6f1caa1bd54ffb59cda4cd78c463de73d16bbd73","6988979","1619705073","2021-04-29 14:04:33","0xd07af3dfa0ffe55d4f1f4b198058cc162a76a79d","0x41d10b48d99f49f1573769e1308f1a76ee5472b0","","0.05","0","29.638","0.000105","0.0622398","600.65","","",""
"0x285ccb0c4f58f52938d754c8c5443e7b0c5c81fc8a75ddbe8063edc132207665","6988991","1619705109","2021-04-29 14:05:09","0xc0946c98e27d9ba92d954d99695bcabb0d966ab1","0x41d10b48d99f49f1573769e1308f1a76ee5472b0","","0.01","0","5.9276","0.000105","0.0622398","600.65","","",""
"0x6d715b3d5bf3130390b879cbce9a52e9ab11fbdd240fa985136de092f7a7579e","6988992","1619705112","2021-04-29 14:05:12","0x8682f3bf315d031b99082b5d09646ea5d3918189","0x41d10b48d99f49f1573769e1308f1a76ee5472b0","","0.04","0","23.7104","0.000105","0.0622398","600.65","","",""
"0x3be203c0be2b8787cb2995472c8a3b3508185cc56fddca12955d19346e9c9ea2","6989023","1619705205","2021-04-29 14:06:45","0x24b953b38f47f672bc68d11f02a11d73a9e9cfa9","0x41d10b48d99f49f1573769e1308f1a76ee5472b0","","0.11","0","65.2036","0.000105","0.0622398","600.65","","",""
"0x7fd1cbde121d051ed449876f834c50fefe86845e5340eb0d7310bd0c3cafde71","6989026","1619705214","2021-04-29 14:06:54","0x06e5c3433d3e4e9c1bcf263954dc6437b44fb281","0x41d10b48d99f49f1573769e1308f1a76ee5472b0","","0.37","0","219.3212","0.000105","0.0622398","600.65","","",""
"0xb69d53de742b347977e82b756650b214b5a36d5db76110dfb2568342e8b0bd23","6989052","1619705292","2021-04-29 14:08:12","0x627672243d33b44d3c3a8db6242067fe9789801d","0x41d10b48d99f49f1573769e1308f1a76ee5472b0","","0.1","0","59.276","0.000105","0.0622398","600.65","","",""
"0x72ca8b2e89f073526c22398dfcbb73768c952bd3bf4350476c999958cd67ac7f","6989053","1619705295","2021-04-29 14:08:15","0x024b4643b868828f96a7eb47979ceca37de8934c","0x41d10b48d99f49f1573769e1308f1a76ee5472b0","","0.05","0","29.638","0.000105","0.0622398","600.65","","",""
"0xe71f59dbdceaa4d73f159c2c0cd0ddab65210f9b0cd802cec6a98a19a1b944c7","6989056","1619705304","2021-04-29 14:08:24","0x121409b45f62c53c756e0e7b78b272d7dead7600","0x41d10b48d99f49f1573769e1308f1a76ee5472b0","","0.01","0","5.9276","0.000105","0.0622398","600.65","","",""
"0xb19eeb0632134358bdeaf66142a08cc0ed097eb9cb0ad305e402e8d5d48abd03","6989103","1619705445","2021-04-29 14:10:45","0x63a43a24de2ce6b1bfed393f6fad714b172a977e","0x41d10b48d99f49f1573769e1308f1a76ee5472b0","","0.02","0","11.8552","0.000105","0.0622398","600.65","","",""
"0x5e1d9571d8d023f92cafbd8155ff4b7bb4bcb6ad47989b70106660ea3bdeb772","6989117","1619705487","2021-04-29 14:11:27","0xfb2e123b5e3983601ffb8f8b15862e0e24f38ed2","0x41d10b48d99f49f1573769e1308f1a76ee5472b0","","0.055","0","32.6018","0.000105","0.0622398","600.65","","",""
"0x7123b1085051d914e4c14da8f179b8f4def6becd1dd1d393faba826bb267948f","6989125","1619705511","2021-04-29 14:11:51","0x4daec239cfc29391d4c6aac18c37242e9c909ab5","0x41d10b48d99f49f1573769e1308f1a76ee5472b0","","0.01","0","5.9276","0.000105","0.0622398","600.65","","",""
"0xf6a1198e1d35f0c33e606d19fb948f4d84b1fa9d2cb9c3e13ea7fda8f65a1002","6989171","1619705649","2021-04-29 14:14:09","0x5ebaddf71482d40044391923be1fc42938129988","0x41d10b48d99f49f1573769e1308f1a76ee5472b0","","0.1","0","59.276","0.000105","0.0622398","600.65","","",""
"0x5a36542d428606347da38f1b6ef81e92d1cf74150525ca60478b5ccdf00d7e5e","6989178","1619705670","2021-04-29 14:14:30","0x3cb610d731e097a586569268729543ddff872def","0x41d10b48d99f49f1573769e1308f1a76ee5472b0","","0.1","0","59.276","0.000105","0.0622398","600.65","","",""
"0xcfa976333ce82ac47e708d18bb09bbd7b7283f35eafbb37991b9938d56765973","6989181","1619705679","2021-04-29 14:14:39","0x5d9ef6c0e89f5ebc535b6c840031bf76aa142a8b","0x41d10b48d99f49f1573769e1308f1a76ee5472b0","","0.05","0","29.638","0.000105","0.0622398","600.65","","",""
"0x2b29d72da08659508b32a7b87979c804d203c3f6dfd69947c318696ee98de8d5","6989198","1619705730","2021-04-29 14:15:30","0xa6ac24ee081cbd654bb886d2bc0eafd3b0c9366d","0x41d10b48d99f49f1573769e1308f1a76ee5472b0","","0.1","0","59.276","0.000105","0.0622398","600.65","","",""
"0x61fc54d7139fbe0d304b63588bb47c15a0e91d61c425baf29a95813e444574d0","6989228","1619705820","2021-04-29 14:17:00","0xca0c7a7f7d68302b19c96d1e06ea058bf171790c","0x41d10b48d99f49f1573769e1308f1a76ee5472b0","","0.2","0","118.552","0.000105","0.0622398","600.65","","",""
"0xe9f69791e68af63790813d4706c477a17afd6b97832e8aaa1953ffa416cf8e3c","6989234","1619705838","2021-04-29 14:17:18","0x33326fb672959b266e085d9d464346dc609cb570","0x41d10b48d99f49f1573769e1308f1a76ee5472b0","","0.05","0","29.638","0.000105","0.0622398","600.65","","",""
"0x0cad1eab6e43a7aec5d7f2a006dc3219b57e4503f8fcc18aaf2f22390703df8f","6989247","1619705877","2021-04-29 14:17:57","0x27fe777e4e0051b87021ec20c20f1294ca128a7b","0x41d10b48d99f49f1573769e1308f1a76ee5472b0","","0.01","0","5.9276","0.000105","0.0622398","600.65","","",""
"0x6b34808c82ba2fc62e0cda49ba0b5841c3149707ba75ffeb2b7836edde667897","6989249","1619705883","2021-04-29 14:18:03","0x024b4643b868828f96a7eb47979ceca37de8934c","0x41d10b48d99f49f1573769e1308f1a76ee5472b0","","0.01","0","5.9276","0.000105","0.0622398","600.65","","",""
"0x6a7877e50862a37720097b1cc6bacb8553fb0eec9cb9ac5e1e2f79e1911a7f14","6989285","1619705991","2021-04-29 14:19:51","0xf8489ed45230749bde70b88b0b48f3c8feb445ff","0x41d10b48d99f49f1573769e1308f1a76ee5472b0","","0.1","0","59.276","0.000105","0.0622398","600.65","","",""
"0x66d2df9467bc90e0bb886a2e050d55c4f2cee979def8295e97af9b73ebeb6716","6989319","1619706093","2021-04-29 14:21:33","0x7836a2143cd2bf005a793513cdee480dc81f07fc","0x41d10b48d99f49f1573769e1308f1a76ee5472b0","","0.08","0","47.4208","0.000105","0.0622398","600.65","","",""
"0x7d16f3e36d141014d2d9569bdfa96ab48b4bf53ec90d944d2b8bed3e871ad852","6989323","1619706105","2021-04-29 14:21:45","0x4d53406b594238d98ec2fc063f65ccf10226f3f3","0x41d10b48d99f49f1573769e1308f1a76ee5472b0","","0.1","0","59.276","0.000105","0.0622398","600.65","","",""
"0xe1a6393919d5303f9d979cb4a0fb10dea7b3db1abad43ea3e7525da91477dd18","6989353","1619706195","2021-04-29 14:23:15","0x94ad1d7b27aad64f0c222c35e0f1bf8e232f28e9","0x41d10b48d99f49f1573769e1308f1a76ee5472b0","","0.05","0","29.638","0.000105","0.0622398","600.65","","",""
"0xc4081e64629ffbfbafd2203b4d344ff28ef064e66e51e25c11b5134595ae4ef4","6989369","1619706243","2021-04-29 14:24:03","0x8fbd12ebad6ee1caad615952a94e6b4f4c76e714","0x41d10b48d99f49f1573769e1308f1a76ee5472b0","","0.11","0","65.2036","0.000105","0.0622398","600.65","","",""
"0x3781d2585550e27f96877add02381b32d029161b5143f507e94b85b905b08acc","6989392","1619706312","2021-04-29 14:25:12","0xcb366b82f1d6c4487425c4f83a53782e064c49d6","0x41d10b48d99f49f1573769e1308f1a76ee5472b0","","0.03","0","17.7828","0.000105","0.0622398","600.65","","",""
"0x4ad0af3b57c905d8ba5daa61c8082d35f8a7117685a4ccc99bce74f1b5766e9d","6989411","1619706369","2021-04-29 14:26:09","0xa2f28a71cca242abe55aec0ff046c1c8dcde5edd","0x41d10b48d99f49f1573769e1308f1a76ee5472b0","","0.1","0","59.276","0.000105","0.0622398","600.65","","",""
"0x8280261d0aaab60d76b4c259a508d596c8727bac118bbe2115e865e58a08f8aa","6989436","1619706444","2021-04-29 14:27:24","0xdb7fe62dec33cff3ecc798d0626f5133864822a1","0x41d10b48d99f49f1573769e1308f1a76ee5472b0","","0.02","0","11.8552","0.000105","0.0622398","600.65","","",""
"0xeb2f367b3d623f6a261fa42ad00c65e3bfc9f88a175f86faa82ef517d931b139","6989438","1619706450","2021-04-29 14:27:30","0x466107b85f1ef3e91d28f848856d8040fa4908d5","0x41d10b48d99f49f1573769e1308f1a76ee5472b0","","0.03","0","17.7828","0.000105","0.0622398","600.65","","",""
"0x0e49dbdd806a98fbaccbd69a26a256055f916ea9fd1bd1000bf530fda4a526b5","6989439","1619706453","2021-04-29 14:27:33","0xd0dd6613a58e732e31a3d940b0e2ad2522253b0f","0x41d10b48d99f49f1573769e1308f1a76ee5472b0","","0.2","0","118.552","0.000105","0.0622398","600.65","","",""
"0xee529d3625452d45f7baabaf019692e3f73ca0f2c83ccfb48645736652c933d7","6989446","1619706474","2021-04-29 14:27:54","0x089f832f8336ba6801c771aa4272bd69a1c8c04b","0x41d10b48d99f49f1573769e1308f1a76ee5472b0","","0.1","0","59.276","0.000105","0.0622398","600.65","","",""
"0xda11b669f562bb9813b6c24083249e8d73d6618d3c52ab51677809db2949c664","6989470","1619706546","2021-04-29 14:29:06","0x637eb05d2d72c515f0ca8baeb80b0eccf681b344","0x41d10b48d99f49f1573769e1308f1a76ee5472b0","","0.0625","0","37.0475","0.000105","0.0622398","600.65","","",""
"0x81ed7e8fcd1187dde8f2ca275778f943badd116ec2dda7f58634519569f646d2","6989484","1619706588","2021-04-29 14:29:48","0x37e9d4bf6d6114d6ef7f2969127a3669de5e2cf0","0x41d10b48d99f49f1573769e1308f1a76ee5472b0","","0.2","0","118.552","0.000105","0.0622398","600.65","","",""
"0x6e78da2ad37ea12ff11cb9e8672ecda2ea2dbc528404e4079885b2eb7cc3e319","6989484","1619706588","2021-04-29 14:29:48","0xee62180365134484f99a07891b786421db559a09","0x41d10b48d99f49f1573769e1308f1a76ee5472b0","","0.2","0","118.552","0.000105","0.0622398","600.65","","",""
"0xac40f142cf3455ec313a703dc0944b88bd737c467ea0a95520875f3f73f83214","6989571","1619706849","2021-04-29 14:34:09","0x680cdbe0fca61636fe44ddb4bfc0c3ffe190e2ab","0x41d10b48d99f49f1573769e1308f1a76ee5472b0","","0.03","0","17.7828","0.000105","0.0622398","600.65","","",""
"0x290895170dfdaaac2e1d29106b7094a8f11ef6fc8b38d8a558ce36b054de0c44","6989577","1619706867","2021-04-29 14:34:27","0x680cdbe0fca61636fe44ddb4bfc0c3ffe190e2ab","0x41d10b48d99f49f1573769e1308f1a76ee5472b0","","0.03","0","17.7828","0.000105","0.0622398","600.65","","",""
"0x128061fc4bfad1cafe35b63102fc2a188c2dbebb3d4620c8f6ec2fbc1237eb38","6989581","1619706879","2021-04-29 14:34:39","0x66372c7e6a4f3f410f83ca4b2a4dd8e113b0876e","0x41d10b48d99f49f1573769e1308f1a76ee5472b0","","0.05","0","29.638","0.000105","0.0622398","600.65","","",""
"0x758e0a53c05962dfe199f8b0744aa660a793828b24791ee9cfda04ab63771f0b","6989582","1619706882","2021-04-29 14:34:42","0x18d2885b896b0de54374055a29d941110dd4670a","0x41d10b48d99f49f1573769e1308f1a76ee5472b0","","0.1","0","59.276","0.000105","0.0622398","600.65","","",""
"0x03c81051913dfdb8fbf0a3441b6e54ee27ff189b586757a851237ba05e8d9d87","6989586","1619706894","2021-04-29 14:34:54","0x7b43331494860f1cec9d884a703e617e2ee859fc","0x41d10b48d99f49f1573769e1308f1a76ee5472b0","","0.01","0","5.9276","0.000105","0.0622398","600.65","","",""
"0x1d2f0360801a5acd9ab665e8bbdfa5ac8d691414f126da4315850341462f7316","6989588","1619706900","2021-04-29 14:35:00","0x94ad1d7b27aad64f0c222c35e0f1bf8e232f28e9","0x41d10b48d99f49f1573769e1308f1a76ee5472b0","","0.01","0","5.9276","0.000105","0.0622398","600.65","","",""
"0x63725a48d98cebb10fc7c00d3cba7c44729849b09e570e2b98e426276cc1a6a1","6989588","1619706900","2021-04-29 14:35:00","0xffcf879dba2f74bab95a8a75b4d58c8ac11e20b6","0x41d10b48d99f49f1573769e1308f1a76ee5472b0","","0.015","0","8.8914","0.000105","0.0622398","600.65","","",""
"0x75422832d7f2809454643b4f94b8a1386069105f1a0833c8f0d9b04f47db60af","6989615","1619706981","2021-04-29 14:36:21","0x72f1c027decb1ce26a12e57318767a172bef78cd","0x41d10b48d99f49f1573769e1308f1a76ee5472b0","","0.07","0","41.4932","0.000105","0.0622398","600.65","","",""
"0xe62521ee39a9064ef43f7483f1ef1a865e33d993d696166fb20518a01bbf1a03","6989636","1619707044","2021-04-29 14:37:24","0x42b9955032b7eea3199ffebb298b3bd24c6a5db6","0x41d10b48d99f49f1573769e1308f1a76ee5472b0","","0.2","0","118.552","0.000105","0.0622398","600.65","","",""
"0x7f69a400666c73cd62875567d87105070acdac934a12fccf62861f01acd8e1ee","6989671","1619707149","2021-04-29 14:39:09","0xb34c427e93cdad512d7905c8be53bc470eac1fb2","0x41d10b48d99f49f1573769e1308f1a76ee5472b0","","0.2","0","118.552","0.000105","0.0622398","600.65","","",""
"0xae2ba2c71144a21cfe430af0c03407e6a9edd0a31dcbd7ba80a022dac48eb4d3","6989683","1619707185","2021-04-29 14:39:45","0x0f6d58aa61b971805ecf4c9f5eab5f0697a72355","0x41d10b48d99f49f1573769e1308f1a76ee5472b0","","0.1","0","59.276","0.000105","0.0622398","600.65","","",""
"0xa37f000b5f1e2ffda3cb38223c4bb59ce2d6ff66825b65956b6716bab83d3480","6989691","1619707209","2021-04-29 14:40:09","0x3d96078a5031a5b11dbd710841c147af5d89a7a7","0x41d10b48d99f49f1573769e1308f1a76ee5472b0","","0.03","0","17.7828","0.000105","0.0622398","600.65","","",""
"0xaf780ef9e3a430b80cd166d3d47bd7a06ea831db313b140ffdf929bfe39faef7","6989707","1619707257","2021-04-29 14:40:57","0x44d929aeb3fd891d1d1ee31ce3950d37cb4d0586","0x41d10b48d99f49f1573769e1308f1a76ee5472b0","","0.05","0","29.638","0.000105","0.0622398","600.65","","",""
"0x74c9a86a2da038d5809a020b9311937ce87899bd59b19b5d9dc5210cf07fab67","6989709","1619707263","2021-04-29 14:41:03","0xb522310315e0fdc50c737dffb13f02a284c2d4ea","0x41d10b48d99f49f1573769e1308f1a76ee5472b0","","0.06","0","35.5656","0.000105","0.0622398","600.65","","",""
"0xef1adb453d3f6b7b7c3abef59878c892759a89fc417bc019ef3399818e644ceb","6989732","1619707332","2021-04-29 14:42:12","0x121409b45f62c53c756e0e7b78b272d7dead7600","0x41d10b48d99f49f1573769e1308f1a76ee5472b0","","0.14","0","82.9864","0.000105","0.0622398","600.65","","",""
"0x383cd18cd01e15f6e9cac058ecaca91f713e75cfa04a0aebd2cadbf001165e3b","6989806","1619707554","2021-04-29 14:45:54","0xdbdd3c0fa66b11c7eee58bb47ea56f95fd182643","0x41d10b48d99f49f1573769e1308f1a76ee5472b0","","0.4","0","237.104","0.000105","0.0622398","600.65","","",""
"0x68f2b9ad9d57450b9e8288149b98406ca605690f7963d9b3c341098af6b024cd","6989832","1619707632","2021-04-29 14:47:12","0x121409b45f62c53c756e0e7b78b272d7dead7600","0x41d10b48d99f49f1573769e1308f1a76ee5472b0","","0.01","0","5.9276","0.000105","0.0622398","600.65","","",""
"0xe8ee12849f96a910a93d5962c768c77b2a9859376a4758bb87389280eb2c6d09","6989843","1619707665","2021-04-29 14:47:45","0x78d1cf799bf3dde2ec657b943dee4a6b5e72730c","0x41d10b48d99f49f1573769e1308f1a76ee5472b0","","0.05","0","29.638","0.000105","0.0622398","600.65","","",""
"0x5e054b49d7d7b8501e23631a0f5e5a4ad0f1fc33d17a3687da46f34b99c7545a","6989874","1619707758","2021-04-29 14:49:18","0x7791aeeea246c09275247acb2de43aba62a1e207","0x41d10b48d99f49f1573769e1308f1a76ee5472b0","","0.02","0","11.8552","0.000105","0.0622398","600.65","","",""
"0x84dce1e6522b533617d314b551e9259cb6c76ab3113d66ecfd48a2613898f2ce","6989922","1619707902","2021-04-29 14:51:42","0xc4443c421d756430c401f2a0b8be4d4f9a63d737","0x41d10b48d99f49f1573769e1308f1a76ee5472b0","","0.07","0","41.4932","0.000105","0.0622398","600.65","","",""
"0x635b026ad91003bc11e3c8c4dfcd05bb3605dddc2468791170e89bba40be7535","6989927","1619707917","2021-04-29 14:51:57","0xc4b824b63235c719ddf54276f3b313f653178387","0x41d10b48d99f49f1573769e1308f1a76ee5472b0","","0.05","0","29.638","0.000105","0.0622398","600.65","","",""
"0x04bf402892a10e1eebfe760a91699432065fdc56c171114bd3e18289fe77cbfc","6989987","1619708097","2021-04-29 14:54:57","0x7dc426e13d5be44008b6108d438dac5e7f170481","0x41d10b48d99f49f1573769e1308f1a76ee5472b0","","1","0","592.76","0.000105","0.0622398","600.65","","",""
"0xe797eb23fe45fd0d2e07e2133492b014bc32cd8d5dda2570c15a631bb9d5adbf","6989988","1619708100","2021-04-29 14:55:00","0xc72d94f7a55223390bb128e0faa77e76972d0ead","0x41d10b48d99f49f1573769e1308f1a76ee5472b0","","0.07","0","41.4932","0.000105","0.0622398","600.65","","",""
"0x68ba3c651b57d1d676cc609ce95affbfcb2a348780c6515aee3c3e4225e823ee","6989994","1619708118","2021-04-29 14:55:18","0x985fdbcb45411889e539abff1dc0073a5d305038","0x41d10b48d99f49f1573769e1308f1a76ee5472b0","","0.1","0","59.276","0.000105","0.0622398","600.65","","",""
"0x0016064fe82a778e839a23efc859fc71002c2f53c9f3b4884a5e3b403dbe105b","6990001","1619708139","2021-04-29 14:55:39","0xaf6fea6eef9d831b829ed85f59a825edd9bce92d","0x41d10b48d99f49f1573769e1308f1a76ee5472b0","","0.02","0","11.8552","0.000105","0.0622398","600.65","","",""
"0x2f4d5d6b857fcf4699c7a47ee4c161455d5dedcc7f823a9b138c65208649535a","6990032","1619708232","2021-04-29 14:57:12","0xaf6fea6eef9d831b829ed85f59a825edd9bce92d","0x41d10b48d99f49f1573769e1308f1a76ee5472b0","","0.1","0","59.276","0.000105","0.0622398","600.65","","",""
"0x6d0064c713fd690a349b377bb6c7ce8c3980d3a69b1bc68936129f46753e9df5","6990084","1619708388","2021-04-29 14:59:48","0x657ecc322c7f74ef8a838dd45529ff16ec674010","0x41d10b48d99f49f1573769e1308f1a76ee5472b0","","0.02","0","11.8552","0.000105","0.0622398","600.65","","",""
"0xb84bac4c7ecde9dba9cd867f07f73c0e8d025e46e99e2f6a4cda3196ea0f880d","6990098","1619708430","2021-04-29 15:00:30","0x0011888b0ce1ec8caef6ac85d388cca9afa0c284","0x41d10b48d99f49f1573769e1308f1a76ee5472b0","","0.02","0","11.8552","0.000105","0.0622398","600.65","","",""
"0x70ba873efe9b2a7612a4ee8cde2edb6f1d37b6da3aae0ee432cbd5763ad2747d","6990131","1619708529","2021-04-29 15:02:09","0xf01dd015bc442d872275a79b9cae84a6ff9b2a27","0x41d10b48d99f49f1573769e1308f1a76ee5472b0","","1","0","592.76","0.000105","0.0622398","600.65","","",""
"0xdbe4db22004b99204ae6acc55f7e0174a053e883adbe8cae21f97fd8de233e02","6990217","1619708787","2021-04-29 15:06:27","0x486f017a0ffe9cb57dd9f0a262d80699e8347bee","0x41d10b48d99f49f1573769e1308f1a76ee5472b0","","0.015","0","8.8914","0.000105","0.0622398","600.65","","",""
"0xa1debe7038cf7725b6cf1ab074e60f999dc4cdd7a3f98608e4933e904013865f","6990222","1619708802","2021-04-29 15:06:42","0x4a6166b58fdf7f09a3ac937d3069ad7c1ea5fcd5","0x41d10b48d99f49f1573769e1308f1a76ee5472b0","","0.01","0","5.9276","0.000105","0.0622398","600.65","","",""
"0xb175036268feb2bfd0c7640141845069d5b8d0db96507f625fdd3227774b2352","6990238","1619708850","2021-04-29 15:07:30","0x7512dd40cc0e556d4f7d65255b8a0c3a1aa37a29","0x41d10b48d99f49f1573769e1308f1a76ee5472b0","","0.01","0","5.9276","0.000105","0.0622398","600.65","","",""
"0x73fe96357f267e0b0fcf46d1c8c1819e1f72d9bb5b2dafab4c2f0bb36d520119","6990289","1619709004","2021-04-29 15:10:04","0xefb31ce97402b21cf9be17eeb3a142c76f15013a","0x41d10b48d99f49f1573769e1308f1a76ee5472b0","","0.01","0","5.9276","0.000105","0.0622398","600.65","","",""
"0x5b9df3295ddcdc5563e99ac7f652bf3edcd03ba3b54333b7ccfd27a2c37e74d1","6990302","1619709043","2021-04-29 15:10:43","0x2fb97b840dec694669d9a2ff7c693c81599d924b","0x41d10b48d99f49f1573769e1308f1a76ee5472b0","","0.05","0","29.638","0.000105","0.0622398","600.65","","",""
"0x025771863c7b72c652b81f072c389882928f7e4fde4a5a71084624bff82353dc","6990315","1619709082","2021-04-29 15:11:22","0xefb31ce97402b21cf9be17eeb3a142c76f15013a","0x41d10b48d99f49f1573769e1308f1a76ee5472b0","","0.011","0","6.52036","0.000105","0.0622398","600.65","","",""
"0xbf79f9817857649173b7b4f7f6974a68f3ef614d774fd3d611bcc2bbdf0eed25","6990373","1619709256","2021-04-29 15:14:16","0xfaa9fd4bc6c0c4f79a80802caa24c587d3f1f420","0x41d10b48d99f49f1573769e1308f1a76ee5472b0","","0.1","0","59.276","0.000105","0.0622398","600.65","","",""
"0xfd484be7f0a0fb55c9a9a5fba9397098d80950e512521c7f293fb9ee8f4bbdd0","6990415","1619709382","2021-04-29 15:16:22","0x7ff47f1097c85f66db8b6e967fed773e1ab1b8f9","0x41d10b48d99f49f1573769e1308f1a76ee5472b0","","0.1","0","59.276","0.000105","0.0622398","600.65","","",""
"0xabe04aec6c5dbb41ad39a2cab16abd9811f0c905788a95050fbf8d24b121e981","6990421","1619709400","2021-04-29 15:16:40","0xcaf76ca5cf79510f7928eee79efeb92372957c10","0x41d10b48d99f49f1573769e1308f1a76ee5472b0","","0.5","0","296.38","0.000105","0.0622398","600.65","","",""
"0xc71c4070066124d5f66c68036a06d757dc771cd1b395312fd9560b1bf2de5cd5","6990422","1619709403","2021-04-29 15:16:43","0xb88802fa65737c6b41d416a52446d36e2dfb4c30","0x41d10b48d99f49f1573769e1308f1a76ee5472b0","","0.1","0","59.276","0.000105","0.0622398","600.65","","",""
"0x12efeed07c76edc9693e19f60ecc4ea59082ec2ec685cfcc1926d5da3b2bd436","6990430","1619709427","2021-04-29 15:17:07","0xc18eb02b247f861468551bcad9f07d64a5e5d51f","0x41d10b48d99f49f1573769e1308f1a76ee5472b0","","0.25","0","148.19","0.000105","0.0622398","600.65","","",""
"0x427bb55757993d5a4d0f80ed755f283bda65d6a6ef94a13999fe1ef77559c9d3","6990432","1619709433","2021-04-29 15:17:13","0x679382d91c23aa87cc4ea2e37751a58d64979dd6","0x41d10b48d99f49f1573769e1308f1a76ee5472b0","","0.01","0","5.9276","0.000105","0.0622398","600.65","","",""
"0xc92ebd3ba69ac451ebde6ff30204f00a4c90245b40d731dcf2a1bd024a35c072","6990449","1619709484","2021-04-29 15:18:04","0xc18eb02b247f861468551bcad9f07d64a5e5d51f","0x41d10b48d99f49f1573769e1308f1a76ee5472b0","","0.1","0","59.276","0.000105","0.0622398","600.65","","",""
"0x9608c08d279d41177741c94e9e3a03729d8143a26de3baba6eb52670a6e378bf","6990470","1619709547","2021-04-29 15:19:07","0xc18eb02b247f861468551bcad9f07d64a5e5d51f","0x41d10b48d99f49f1573769e1308f1a76ee5472b0","","0.1","0","59.276","0.000105","0.0622398","600.65","","",""
"0x57bf022717f438d996246204116822013e54769fa85837ca81f80b27f342e36f","6990521","1619709700","2021-04-29 15:21:40","0xefb31ce97402b21cf9be17eeb3a142c76f15013a","0x41d10b48d99f49f1573769e1308f1a76ee5472b0","","0.01","0","5.9276","0.000105","0.0622398","600.65","","",""
"0x3d4d02c18616109890e286d7761def7dc1beda0c664a62ae90a4dd4a31c1c6b3","6990532","1619709733","2021-04-29 15:22:13","0xefb31ce97402b21cf9be17eeb3a142c76f15013a","0x41d10b48d99f49f1573769e1308f1a76ee5472b0","","0.01","0","5.9276","0.000105","0.0622398","600.65","","",""
"0x4908e502b973eb307ed1405c5c4fb8da117a54805350175106bf393fa85c1d5f","6990548","1619709781","2021-04-29 15:23:01","0x964691df621c6cd11be466f2bc0cacde98ebb464","0x41d10b48d99f49f1573769e1308f1a76ee5472b0","","0.099","0","58.68324","0.000105","0.0622398","600.65","","",""
"0x542d5cbdba3da34ebb4b531a8e7bf228c572be5c49ab6411c652bbec169ffef9","6990580","1619709877","2021-04-29 15:24:37","0x2b6fbd1d6e10895b25b2c3741cad3ce1a0e617fe","0x41d10b48d99f49f1573769e1308f1a76ee5472b0","","0.01","0","5.9276","0.000105","0.0622398","600.65","","",""
"0x4afcf47b4abfb632f1e7748f85401a9adde8b4a864e534ab5077e3e289095276","6990625","1619710012","2021-04-29 15:26:52","0xd74b7046ae3f892a5655f30194f5be8b3289561a","0x41d10b48d99f49f1573769e1308f1a76ee5472b0","","0.019895","0","11.7929602","0.000105","0.0622398","600.65","","",""
"0xa563cd03319dd434ba8b053643bb8f8f981aaaf8d80fe48107e9e64dc1ccdb06","6990634","1619710039","2021-04-29 15:27:19","0x9537ad1fcb79e3f9738f607700f14f53db89d9f7","0x41d10b48d99f49f1573769e1308f1a76ee5472b0","","0.04","0","23.7104","0.000105","0.0622398","600.65","","",""
"0x490df9ef8d54878f3aa3bca1e8406ed435df7a672abecd9aa7d12119a6ba8664","6990675","1619710162","2021-04-29 15:29:22","0x03d226f668ca49c1ce00eb200bbc20b8f712d2f5","0x41d10b48d99f49f1573769e1308f1a76ee5472b0","","0.44","0","260.8144","0.000105","0.0622398","600.65","","",""
"0x06a23b84feb98dcb1688b922b5627f6465c9aa385f18715b0e021aad548e733b","6990686","1619710195","2021-04-29 15:29:55","0x41d10b48d99f49f1573769e1308f1a76ee5472b0","0x16dc457d0cd7e3c06529a39f9f97b24dd2994568","","0","0.05","29.638","0.000105","0.0622398","600.65","","",""
"0x7a17b21763b55d27aa50e4b2da0b7b8f7f31464e491a96272c8ebb7cf6dd4e06","6990695","1619710222","2021-04-29 15:30:22","0xfd9e3157ee540a353708233f66f14b5080aef791","0x41d10b48d99f49f1573769e1308f1a76ee5472b0","","0.01","0","5.9276","0.000105","0.0622398","600.65","","",""
"0x51c2b18b40846f17dfbd8f2108c114221ed1fa1cf41f66fd5fdcaa0d47f981b8","6990749","1619710384","2021-04-29 15:33:04","0xee42bcd5428b8d19ba5342485a8bcd60098d4768","0x41d10b48d99f49f1573769e1308f1a76ee5472b0","","0.01","0","5.9276","0.000105","0.0622398","600.65","","",""
"0x9e46a61906ce249e7e856743ed219196be4578584ee1f694f6d5dce7e2230ab0","6990772","1619710453","2021-04-29 15:34:13","0xd74b7046ae3f892a5655f30194f5be8b3289561a","0x41d10b48d99f49f1573769e1308f1a76ee5472b0","","0.18","0","106.6968","0.000105","0.0622398","600.65","","",""
"0x56145087d1078521f82a49e2c31c1d57615817ee2b39bff7362057db01565355","6990795","1619710522","2021-04-29 15:35:22","0xecfebb9b35c7c583fba592408b03336ce95786cd","0x41d10b48d99f49f1573769e1308f1a76ee5472b0","","0.097","0","57.49772","0.000105","0.0622398","600.65","","",""
"0x0cde1d03a1c6d3355ac97a70c6c17c3472fa34b4d6f937b1624e9da42a362317","6990808","1619710561","2021-04-29 15:36:01","0xcaec09a3332c6f64797335993370ee250a821438","0x41d10b48d99f49f1573769e1308f1a76ee5472b0","","0.5","0","296.38","0.000105","0.0622398","600.65","","",""
"0x45e6dd198cc94af67be01952da94514ad6ba9b59f47a40ca1aea9c97c485a769","6990809","1619710564","2021-04-29 15:36:04","0xf5015ddc079e8cea816d0d3b34fa8885d7d1c826","0x41d10b48d99f49f1573769e1308f1a76ee5472b0","","0.15","0","88.914","0.0105","6.22398","600.65","","",""
"0x3d34f2126fa5269ebbfa731aa9543f051ef9ac20b74da70f095d831f1ee2235f","6990937","1619710948","2021-04-29 15:42:28","0x679382d91c23aa87cc4ea2e37751a58d64979dd6","0x41d10b48d99f49f1573769e1308f1a76ee5472b0","","0.01","0","5.9276","0.000105","0.0622398","600.65","","",""
"0x086ab5e928516b466c5d19a485f2aabed4ab55cb816d9cbbcf03f3a78c5adbe9","6991632","1619713094","2021-04-29 16:18:14","0x69408a3268daeb6bb41ff3fe211f7fbccb3edbe5","0x41d10b48d99f49f1573769e1308f1a76ee5472b0","","0.01","0","5.9276","0.000105","0.0622398","600.65","","",""
"0x0c57284c893ac5798b2a6be629d4c84aecfeb174854576dd1145842136a130a3","6991716","1619713346","2021-04-29 16:22:26","0xc18eb02b247f861468551bcad9f07d64a5e5d51f","0x41d10b48d99f49f1573769e1308f1a76ee5472b0","","0.02","0","11.8552","0.000105","0.0622398","600.65","","",""
"0x461d13b4f92ace31bde14d8e68ac02754a58d5dfbbcec651e8764d896b2d9ec4","6991738","1619713412","2021-04-29 16:23:32","0x0cf0abe8478817d6dba4bb93cdb7b87ad07c477b","0x41d10b48d99f49f1573769e1308f1a76ee5472b0","","0.1","0","59.276","0.000105","0.0622398","600.65","","",""
"0xd64633c555ab116f11abf744976f3131d442b226e4c2b113b4dbd3dd8716041a","6991873","1619713817","2021-04-29 16:30:17","0x679382d91c23aa87cc4ea2e37751a58d64979dd6","0x41d10b48d99f49f1573769e1308f1a76ee5472b0","","0.08","0","47.4208","0.000105","0.0622398","600.65","","",""
"0xbacfd217d4a86f07251abb08dcb151dceb5e9d1fe5ed13af05586f166172b84e","6992617","1619716049","2021-04-29 17:07:29","0xe16e0ad61b53ed1eac1b295642b87b5f7c3dd1ff","0x41d10b48d99f49f1573769e1308f1a76ee5472b0","","0.2","0","118.552","0.000105","0.0622398","600.65","","",""
"0xaafe475e6592dcb09d8c0d0d81c8f602d277e68d2bebaec79c0298d014eae609","6992619","1619716055","2021-04-29 17:07:35","0xe16e0ad61b53ed1eac1b295642b87b5f7c3dd1ff","0x41d10b48d99f49f1573769e1308f1a76ee5472b0","","0.2","0","118.552","0.000105","0.0622398","600.65","","",""
"0xf1045b1e5c2949cd2f5421cff47d45a345ece9067af9e584c465e785d3069e12","7001288","1619742387","2021-04-30 00:26:27","0x7d28ae69425b02f4ecc9c7391b45d444e55ed439","0x41d10b48d99f49f1573769e1308f1a76ee5472b0","","0.01","0","5.9276","0.000105","0.0622398","","","",""
